"","product_details","asin","url","image_url","brand","price","sales","revenue","bsr","seller_country_region","fees","active_sellers_number","ratings","review_count","images","review_velocity","buy_box","category","size_tier","fulfillment","dimensions","weight","creation_date"
"1","Furinno Just 3-Tier Turn-N-Tube End Table / Side Table / Night Stand / Bedside Table with Plastic Poles, 1-Pack, French Oak Grey/Black","B07FL6D1Z8","https://www.amazon.com/dp/B07FL6D1Z8?psc=1","https://m.media-amazon.com/images/I/716RUsUozWL._AC_SX679_.jpg","Furinno",17.67,45481,803649.27,417,"AMZ",11.26,13,4.5,86910,7,1084,"Amazon","Home & Kitchen","Large Standard-Size","FBA","12.2x3.4x16.3","7.15",2018-07-13
"2","i-aplus Nightstand Set of 2 LED Nightstand with 2 Drawers, Bedside Table with Drawers for Bedroom Furniture, Side Bed Table with LED Light, Whiteâ€¦","B0976QDCD7","https://www.amazon.com/dp/B0976QDCD7?psc=1","https://m.media-amazon.com/images/I/71-FwzWQTeS._AC_SY450_.jpg","i-aplus",199,896,178304,43719,"US",82.19,1,4.1,1268,5,33,"A Not Bad Shop","Home & Kitchen","Medium Oversize","MFN","13.8x14.2x23.6","79.36",2021-06-14
"3","Grey Nightstand with Charging Station Small Bedside Night Stand Table with USB Ports and Power Outlets Modern Record Player Stand Table in Bedroom Living Room Farmhouse Office","B0BNKK1YK5","https://www.amazon.com/dp/B0BNKK1YK5?psc=1","https://m.media-amazon.com/images/I/61VycReeaQL._AC_SX466_.jpg","CADUKE",39.99,1639,65543.61,14993,"US",15.25,1,4.4,852,7,222,"CADUKE Direct","Home & Kitchen","Large Standard-Size","FBA","13.4x4.5x17.2","9.50",2022-11-29
"4","WLIVE Nightstand, 2 Drawer Dresser for Bedroom, Small Dresser with 2 Drawers, Bedside Furniture, Night Stand, End Table with Fabric Bins for Bedroom, Closet, Entryway, Nursery, College Dorm, Dark Grey","B07FQ976B5","https://www.amazon.com/dp/B07FQ976B5?psc=1","https://m.media-amazon.com/images/I/81+TPpTJRJL._AC_SY355_.jpg","WLIVE",29.99,16216,486317.84,1454,"CN",18.01,1,4.4,11870,7,400,"WLIVE","Home & Kitchen","Small Oversize","FBA","13.0x3.0x22.6","9.65",2018-07-19
"5","DOMYDEVM Nightstand with Charging Station, End Side Table with USB Ports and Outlets, Industrial Bedside Table with 2 Fabric Storage Drawers for Bedroom Living Room Dorm, Brown","B0B8YC1QLH","https://www.amazon.com/dp/B0B8YC1QLH?psc=1","https://m.media-amazon.com/images/I/71FXBW3mjDL._AC_SX425_.jpg","DOMYDEVM",48.99,948,46442.52,42981,"CN",17.71,1,4.4,154,7,29,"DOMYDEVM HOME","Home & Kitchen","Large Standard-Size","FBA","12.7x5.0x16.5","12.21",2022-08-08
"6","LUCKNOCK NightStand with Fabric Drawer, Bedside Table with Solid Wood Legs, Minimalist and Practical End Side Table with Open Storage Shelf for Bedroom, White.","B0B5CLLP8G","https://www.amazon.com/dp/B0B5CLLP8G?psc=1","https://m.media-amazon.com/images/I/71hqDs3s3kL._AC_SX466_.jpg","LUCKNOCK",45.99,1876,86277.24,17914,"CN",19.54,1,4.6,277,7,39,"LUCKNOCK","Home & Kitchen","Large Standard-Size","MFN","13.2x5.5x16.8","16.67",2022-06-29
"7","KHLJJU End Table with Charging Station, Nightstand with Fabric Drawer, Small Side Table for Small Spaces, Black Bedside Tables with USB Ports and Outlets for Living Room, Bedroom, Office","B0BLBVLVMD","https://www.amazon.com/dp/B0BLBVLVMD?psc=1","https://m.media-amazon.com/images/I/61BWsnkwb-L._AC_SX466_.jpg","KHLJJU",89.99,253,22767.47,24502,"CN",25.79,1,4.2,333,8,145,"bengchijiaju","Home & Kitchen","Large Standard-Size","FBA","13.5x7.2x17.3","18.98",2022-11-03
"8","Furinno Andrey End Table / Side Table / Night Stand / Bedside Table with Bin Drawer, Espresso/Brown","B004UME2PS","https://www.amazon.com/dp/B004UME2PS?psc=1","https://m.media-amazon.com/images/I/610cB5E0v1L._AC_SX466_.jpg","Furinno",16.3,5817,94817.1,3607,"AMZ",17.22,11,4.1,54120,9,427,"Amazon","Home & Kitchen","Small Oversize","AMZ","17.4x3.2x19.9","12.05",2011-03-31
"9","Somdot Nightstand, Bedside Table End Table for Bedroom Nursery Living Room - Removable Fabric Drawer, Open Storage Shelf, Sturdy Steel Frame, Durable Wood Top - Black/Rustic Brown","B09NM5X7SX","https://www.amazon.com/dp/B09NM5X7SX?psc=1","https://m.media-amazon.com/images/I/71sB1VtWzwL._AC_SX679_.jpg","Somdot",28.99,1530,44354.7,24551,"US",13.44,22,4.2,971,7,52,"SOMDOT Home and Beyond","Home & Kitchen","Large Standard-Size","FBA","12.4x3.5x16.5","8.73",2022-01-01
"10","HAYOFAMY 3 Tier End Table Night Stand, Narrow Side Table with Display Shelf, Small Bookcase Bookshelf, Simple Bedside Table Storage Rack for Bedroom, Living Room, Office, Bathroom (White, 3 Tier)","B0BPPR7122","https://www.amazon.com/dp/B0BPPR7122?psc=1","https://m.media-amazon.com/images/I/61NfPhAu-dL._AC_SY450_.jpg","HAYOFAMY",27.68,504,13950.72,63655,"CN",12.44,1,3.6,27,8,6,"HAYOFAMY","Home & Kitchen","Large Standard-Size","FBA","9.8x16.3x3.5","6.33",2022-12-10
"11","WLIVE Nightstand, End Table with Fabric Storage Drawer and Open Wood Shelf, Bedside Furniture with Steel Frame, Side Table for Bedroom, Dorm, Easy Assembly, Black and Rustic Brown","B099WCSZTJ","https://www.amazon.com/dp/B099WCSZTJ?psc=1","https://m.media-amazon.com/images/I/81yu9W9G3HL._AC_SX425_.jpg","WLIVE",29.99,4413,132345.87,9538,"CN",18.43,7,4.4,2922,9,158,"WLIVE","Home & Kitchen","Small Oversize","FBA","16.5x2.5x22.1","11.00",2021-07-20
"12","MaxSmeo Modern Nightstand Rattan Side Table with Storage, Farmhouse End Table for Living Room, Bedroom and Small Spaces, Accent Bedside Tables with Solid Wood Legs, Easy Assembly (Natural Walnut)","B09QM473D4","https://www.amazon.com/dp/B09QM473D4?psc=1","https://m.media-amazon.com/images/I/614O5HD5dBL._AC_SX569_.jpg","MaxSmeo",69.99,1699,118913.01,16309,"CN",28.78,7,4.3,492,8,34,"Sme Direct","Home & Kitchen","Small Oversize","FBA","14.5x6.1x17.4","18.03",2022-01-18
"13","Yoobure C Shaped End Table with Charging Station, Small Side Tables for Living Room, Bedroom, Sofa Table with USB Ports and Outlets for Small Spaces, C Couch Table Rustic Snack Table Bed Side Table","B0B58BL8C9","https://www.amazon.com/dp/B0B58BL8C9?psc=1","https://m.media-amazon.com/images/I/61TlLpGgR-L._AC_SY355_.jpg","Yoobure",45.99,2645,121643.55,10477,"HK",16.3,4,4.6,693,7,75,"Super A Plus","Home & Kitchen","Large Standard-Size","FBA","12.1x3.5x17.4","9.52",2022-08-23
"14","Ameriwood Home Franklin 2 Drawers, Soft White Accent Table","B010S2WK8Y","https://www.amazon.com/dp/B010S2WK8Y?psc=1","https://m.media-amazon.com/images/I/61P1MKM21ZL._AC_SX569_.jpg","Ameriwood Home",111.89,880,98463.2,20771,"AMZ",42.05,10,4.6,2865,12,31,"Amazon","Home & Kitchen","Small Oversize","FBA","24.0x6.0x31.0","37.11",NA
"15","Winsome Eugene Accent Table, 18.9 inches, Espresso","B000TDMUDS","https://www.amazon.com/dp/B000TDMUDS?psc=1","https://m.media-amazon.com/images/I/81p9u45rQ4L._AC_SX569_.jpg","Winsome",58.51,2923,171024.73,5308,"AMZ",26.49,28,4.1,24330,13,76,"Amazon","Home & Kitchen","Small Oversize","FBA","18.3x4.8x27.0","19.19",2000-11-01
"16","LDTTCUK Nightstand with Charging Station, Modern End Table with Drawer, Bedside Table with Open Storage for Bedroom, Grey","B0BR51D7TM","https://www.amazon.com/dp/B0BR51D7TM?psc=1","https://m.media-amazon.com/images/I/71REmTF8ETL._AC_SX466_.jpg","LDTTCUK",79.99,2113,169018.87,13462,"CN",24.29,1,4.4,585,7,55,"yiboshangmao123","Home & Kitchen","Large Standard-Size","FBA","13.5x6.7x17.5","18.74",2022-12-27
"17","LUCKNOCK Nightstand, Mid-Century Modern Bedside Tables with Storage Shelf, Minimalist and Practical End Side Table, Fashion Bedroom Furnitur,White.","B0B7K81BQN","https://www.amazon.com/dp/B0B7K81BQN?psc=1","https://m.media-amazon.com/images/I/71gmvG6TfGL._AC_SX679_.jpg","LUCKNOCK",41.99,1032,43333.68,29623,"CN",16.72,2,4.6,314,6,35,"LUCKNOCK","Home & Kitchen","Large Standard-Size","MFN","13.2x5.3x16.8","15.15",2022-07-25
"18","Apicizon 2 Tier End Table, Boho Side Table with Storage Shelf, Nightstand Bedside Table for Small Spaces, Bedroom, Living Room, Entryway, Farmhouse, Easy Assembly, White+Natural","B09TR7ZNMP","https://www.amazon.com/dp/B09TR7ZNMP?psc=1","https://m.media-amazon.com/images/I/81zsVDZNspL._AC_SY450_.jpg","Apicizon",28.99,470,13625.3,70686,"CN",14.11,1,4.5,115,7,10,"APICIZONHOME","Home & Kitchen","Large Standard-Size","FBA","12.8x2.8x17.1","7.54",2021-10-26
"19","Yoobure Nightstand with Charging Station, Small Night Stand with Fabric Drawers and Storage Shelf for Bedrooms, Nightstands for Small Spaces, Bedside Table with USB Ports & Outlets, Bed Side Table","B0BS98NNCN","https://www.amazon.com/dp/B0BS98NNCN?psc=1","https://m.media-amazon.com/images/I/715PdwI7WzL._AC_SY355_.jpg","Yoobure",52.99,NA,NA,12668,"CN",18.8,2,4,10,7,5,"Yoobure Direct","Home & Kitchen","Large Standard-Size","FBA","13.2x7.4x17.9","14.05",2023-05-18
"20","LUCKNOCK Nightstand, Mid-Century Modern Bedside Table with Solid Wood Legs, Adorable and Practical End Side Table with Open Storage Shelf, Fashion Bedroom Furniture White.","B09MLJS5HT","https://www.amazon.com/dp/B09MLJS5HT?psc=1","https://m.media-amazon.com/images/I/71YqYwJ-UAL._AC_SY450_.jpg","LUCKNOCK",39.99,625,24993.75,39061,"CN",15.89,1,4.5,261,6,20,"LUCKNOCK","Home & Kitchen","Large Standard-Size","FBA","13.2x4.7x16.9","11.07",2021-11-26
"21","APEXCHASER Metal Side Table, 3-Tier Modern Style End Table with Storage Shelf, Side Table for Small Spaces, Fashionable Coffee Table for Living Room, Bedroom,Pink","B0BX9QJTWK","https://www.amazon.com/dp/B0BX9QJTWK?psc=1","https://m.media-amazon.com/images/I/71SVCJ15KuL._AC_SX466_.jpg","APEXCHASER",39.99,363,14516.37,49681,"CN",15.41,1,4.2,23,6,14,"TR Trading Store","Home & Kitchen","Large Standard-Size","FBA","12.6x7.3x17.2","7.94",2023-03-02
"22","T4TREAM Nightstand wtih Charging Station, End Table, Side Table with 2 Drawers Storage Cabinet for Bedroom, Living Room, Farmhouse Design, Wood Rustic, Reclaimed Barnwood","B0B8GSSS5V","https://www.amazon.com/dp/B0B8GSSS5V?psc=1","https://m.media-amazon.com/images/I/81GFP13V1SL._AC_SY450_.jpg","T4TREAM",119.99,5453,654305.47,6219,"CN",NA,1,4.1,865,6,144,"xiuxiumaoyi","Home & Kitchen",NA,"MFN",NA,NA,2022-08-03
"23","LIDYUK End Table with Charging Station, Flip Top Side Table with USB Ports and Outlets, Nightstand for Small Spaces, Bedside Tables with Storage Shelf for Living Room, Bedroom, Dark Cherry","B0C1ZB5XCV","https://www.amazon.com/dp/B0C1ZB5XCV?psc=1","https://m.media-amazon.com/images/I/71bPE4JebFL._AC_SX569_.jpg","LIDYUK",79.99,3050,243969.5,14315,"CN",23.81,1,4.5,1899,7,0,"LIDYUK","Home & Kitchen","Large Standard-Size","FBA","13.4x6.2x17.4","17.44",2023-04-10
"24","Rolanstar End Table, Small Side Table with Charging Station, 2 USB Ports, Storage Shelf and Large Storage, Sturdy Bedside Table for Small Space, Sofa, Living Room (Rustic Brown)","B09XCNGXZZ","https://www.amazon.com/dp/B09XCNGXZZ?psc=1","https://m.media-amazon.com/images/I/71Lgj+o4sOL._AC_SX466_.jpg","Rolanstar",26.99,516,13926.84,61865,"CN",12.82,1,4.4,579,7,47,"RolanstarDirect","Home & Kitchen","Large Standard-Size","FBA","13.3x4.5x17.2","7.52",2022-06-29
"25","ALLOSWELL End Tables Set of 2, Side Tables with Storage Shelf, Slim Nightstands, Steel Frame, for Living Room, Bedroom, Study, Industrial Design, Rustic Brown ETHR5001S2","B09G2H28BN","https://www.amazon.com/dp/B09G2H28BN?psc=1","https://m.media-amazon.com/images/I/71UljDhqYxL._AC_SX425_.jpg","ALLOSWELL",36.99,567,20973.33,36851,"CN",16.88,1,4.3,450,9,12,"ALLOSWELL","Home & Kitchen","Large Standard-Size","FBA","12.8x6.2x16.9","15.76",2022-01-06
"26","Yoobure Nightstand with Charging Station, Side Table End Table with Large Drawer and Storage Shelf, Bed Side Table/Night Stand with USB Ports & Outlets, Rustic Bedside Tables for Bedroom, Living Room","B0BR4625GC","https://www.amazon.com/dp/B0BR4625GC?psc=1","https://m.media-amazon.com/images/I/71kkXGeTXGL._AC_SY450_.jpg","Yoobure",49.99,302,15096.98,49792,"CN",19.14,2,4.8,99,8,42,"Fancee Home","Home & Kitchen","Large Standard-Size","FBA","13.5x5.6x17.6","16.78",2023-03-20
"27","SOOWERY Mid Century Modern Nightstand with Charging Station, Bedside Tables with Glass Decorative Door, End Table Side Table with 2 Tiers Storage Space, for Bedroom, Living Room, White","B0B9258LKY","https://www.amazon.com/dp/B0B9258LKY?psc=1","https://m.media-amazon.com/images/I/61yAhaJLhcL._AC_SX569_.jpg","SOOWERY",69.99,1332,93226.68,21688,"CN",23.78,1,4.6,350,9,54,"SOOWERY Direct","Home & Kitchen","Large Standard-Size","FBA","13.5x7.6x17.4","18.74",2022-08-09
"28","Furinno Simplistic Set of 2 End Table, Espresso/Black","B00OR1KQQ6","https://www.amazon.com/dp/B00OR1KQQ6?psc=1","https://m.media-amazon.com/images/I/41wraSSgVvL._AC_SX425_.jpg","Furinno",22.53,8296,186908.88,1209,"AMZ",18.57,13,4.3,40235,13,675,"Amazon","Home & Kitchen","Small Oversize","AMZ","17.2x4.0x21.0","13.60",2014-10-22
"29","Lerliuo Mid-Centry Modern Nightstand with 2 Stroage Drawers, Farmhouse End Table with Barn Door, Bedside Table, Rustic Wood Sofa Side Table, White Nightstands for Bedroom, Living Room, Dorm","B0BYDL9172","https://www.amazon.com/dp/B0BYDL9172?psc=1","https://m.media-amazon.com/images/I/51F2EKg2uML._AC_SX569_.jpg","Lerliuo",49.99,213,10647.87,110207,"CN",19.14,1,3.8,12,8,9,"Lerliuo Direct","Home & Kitchen","Large Standard-Size","FBA","13.6x5.6x17.4","17.00",2023-04-17
"30","WOODYNLUX End Table Nightstands Set of 2, 3-Tier Bedside Tables, 5-Tier Shelf Bookcase, Nightstand Accent Table for Couch, Living Room, Bedroom, Rustic Brown and Black, Easy Assembly.","B0BMLQPHDB","https://www.amazon.com/dp/B0BMLQPHDB?psc=1","https://m.media-amazon.com/images/I/714CWHXLh1L._AC_SX425_.jpg","WOODYNLUX",49.99,1300,64987,34616,"CN",19.63,1,4.7,233,7,24,"haoding home","Home & Kitchen","Large Standard-Size","FBA","12.8x4.3x17.0","18.40",2022-11-16
"31","Yoobure End Table with Charging Station, Flip Top Side Table with USB Ports and Outlets, Sofa Couch Table Bedside Table for Living Room Bedroom, Narrow Nightstand with Storage Shelves for Small Space","B0B93L5WPW","https://www.amazon.com/dp/B0B93L5WPW?psc=1","https://m.media-amazon.com/images/I/7164+J-WIyL._AC_SX466_.jpg","Yoobure",65.99,3210,211827.9,9221,"HK",21.87,2,4.7,611,6,75,"Super A Plus","Home & Kitchen","Large Standard-Size","FBA","13.2x7.1x17.9","17.88",2022-10-12
"32","End Table with Charging Station, Narrow Side Table with USB Ports and Outlets, Flip Top Nightstand / Bedside Table / Sofa Couch Table for Small Spaces / Slim End Table for Living Room Bedroom Office","B09XF1BD3V","https://www.amazon.com/dp/B09XF1BD3V?psc=1","https://m.media-amazon.com/images/I/813ERoU0RUL._AC_SY355_.jpg","TILLMAO",59.99,921,55250.79,29529,"CN",21.8,3,4.7,517,7,42,"Weili-TECH","Home & Kitchen","Large Standard-Size","FBA","13.9x6.1x17.2","17.39",2022-08-31
"33","ALLOSWELL Small Side Table, End Table with Storage Shelf, 14.6 x 10.6 x 19.9 Inches, Nightstand X-Shaped Design, Bedside Table, Steel Frame, Living Room, Bedroom, Easy Assembly, Rustic Brown ETHR2801","B09G2L33ZX","https://www.amazon.com/dp/B09G2L33ZX?psc=1","https://m.media-amazon.com/images/I/717EXLXHa4L._AC_SX425_.jpg","ALLOSWELL",19.99,486,9715.14,24952,"CN",11.93,7,4.3,471,9,27,"ALLOSWELL","Home & Kitchen","Large Standard-Size","FBA","13.2x3.4x17.3","8.38",2022-01-06
"34","exilot Nightstand Mid-Century Modern Bedside Table with Solid Wood Legs Minimalist and Practical End Side Table, White","B08S3G8TC2","https://www.amazon.com/dp/B08S3G8TC2?psc=1","https://m.media-amazon.com/images/I/71QJ1rGvOGL._AC_SX569_.jpg","exilot",36.99,366,13538.34,91987,"CN",16.27,1,4.4,1140,7,17,"BULLKIN","Home & Kitchen","Large Standard-Size","FBA","13.2x4.7x17.0","10.63",2021-01-05
"35","X-cosrack Wooden Small Nightstand with Storage Drawers Mid Century Modern Bedside Table with Vertical Open Storage Shelf and Solid Wood Legs, End Side Table for Bedroom Natural","B0BLCGQCZT","https://www.amazon.com/dp/B0BLCGQCZT?psc=1","https://m.media-amazon.com/images/I/81QmbK4Wa-L._AC_SX679_.jpg","X-cosrack",39.99,127,5078.73,144447,"CN",17.64,2,3.7,32,7,2,"Merya","Home & Kitchen","Large Standard-Size","FBA","13.1x6.1x17.0","16.92",2022-11-03
"36","SOOWERY Nightstand with Charging Station, Bedside Tables with 3 Tiers Storage Space and Door, End Tables with USB Ports and Outlets for Bedroom, Living Room, Brown","B09ZXX1MV7","https://www.amazon.com/dp/B09ZXX1MV7?psc=1","https://m.media-amazon.com/images/I/71EUTcqdfNL._AC_SY355_.jpg","SOOWERY",79.99,551,44074.49,45706,"CN",23.97,1,4.7,451,7,46,"SOOWERY Direct","Home & Kitchen","Large Standard-Size","FBA","13.4x6.3x17.4","18.01",2022-05-10
"37","FORAOFUR Side Table, Small End Table Accent Table Living Room Bedroom Balcony Office, Modern Side Table Bedside Table Home Decor, Easy Assembly","B09TFHLB3J","https://www.amazon.com/dp/B09TFHLB3J?psc=1","https://m.media-amazon.com/images/I/51UCaA8FFXL._AC_SX425_.jpg","FORAOFUR",23.39,1844,43131.16,12050,"CN",11.32,1,4.6,413,7,36,"HAITE HOME","Home & Kitchen","Large Standard-Size","FBA","13.3x2.8x17.2","4.59",2022-02-25
"38","kepptory White Nightstand with Wireless Charging Station & Adjustable LED Lights, High Gloss End Table with 3 Drawers & USB Charging, Bedside Table Organizer for Bedroom Use","B0BHX3BHXT","https://www.amazon.com/dp/B0BHX3BHXT?psc=1","https://m.media-amazon.com/images/I/81jw-oTPcbL._AC_SX522_.jpg","kepptory",129.98,141,18327.18,557587,"CN",NA,1,4.3,37,9,8,"linjianfengg","Home & Kitchen",NA,"MFN",NA,NA,2022-10-11
"39","LELELINKY End Table with Charging Station,Night Stands with USB Ports & Outlets, Black Nightstands, Bedside Tables with Storage Shelf, Slim Modern Side Table with Bin Drawer for Bedroom","B0C2CWVDXH","https://www.amazon.com/dp/B0C2CWVDXH?psc=1","https://m.media-amazon.com/images/I/7149wfB7P9L._AC_SY355_.jpg","LELELINKY",39.99,NA,NA,50178,"CN",17.04,1,4.4,101,8,2,"Lelelinky Direct","Home & Kitchen","Large Standard-Size","FBA","13.4x4.9x17.3","11.88",2023-04-13
"40","FURINNO Oval End Table, One, Walnut","B01FX5CM8O","https://www.amazon.com/dp/B01FX5CM8O?psc=1","https://m.media-amazon.com/images/I/61zo5IM6j9L._AC_SX466_.jpg","Furinno",15.46,238,3679.48,135476,"AMZ",16.25,6,4.2,1869,6,9,"Amazon","Home & Kitchen","Small Oversize","AMZ","17.8x2.5x24.3","10.60",2016-05-19
"41","TUTOTAK Nightstnd, Set of 2, Stackable End Tables, Side Table, Bedside Tables with Open Storage Shelf, Bedroom, Living Room, Rustic Brown TB01BB039","B0B76Z2TL1","https://www.amazon.com/dp/B0B76Z2TL1?psc=1","https://m.media-amazon.com/images/I/71vHo0fycML._AC_SX679_.jpg","TUTOTAK",39.99,271,10837.29,119231,"CN",18.45,1,4.1,119,7,14,"TUTOTAK","Home & Kitchen","Large Standard-Size","FBA","13.1x7.5x16.9","19.09",2022-07-21
"42","HOOBRO Bedside Table with Pull-Out Collapsible Storage Box, Retro Small Nightstand for Small Space, Living Room, Bedroom, Stable and Sturdy, Rustic Brown and Black BF35BZ01","B08QZ1GMT9","https://www.amazon.com/dp/B08QZ1GMT9?psc=1","https://m.media-amazon.com/images/I/71yKVaS94UL._AC_SY355_.jpg","HOOBRO",24.99,155,3873.45,54901,"CN",13.16,2,4.3,294,9,9,"Hoobro","Home & Kitchen","Large Standard-Size","FBA","13.4x4.2x16.6","9.55",2021-04-16
"43","Fixwal Side Table 2-Tier Tall End Table with Storage Rack Wooden Nightstand White Bedside Table for Living Room Bedroom Office No-Tool Assembly","B0BY12CDQ2","https://www.amazon.com/dp/B0BY12CDQ2?psc=1","https://m.media-amazon.com/images/I/61SL4G7MxsL._AC_SY450_.jpg","Fixwal",21.99,NA,NA,165534,"CN",11.91,1,4.6,9,7,0,"Momok","Home & Kitchen","Large Standard-Size","FBA","13.1x3.0x16.9","7.45",2023-03-10
"44","dnbss Brown Night Stand with Wireless Charging, Nightstand with Drawers, Smart Bedside Table with 24-color RGB LED Lights, Charging Nightstand for Bedroom, Modern End Side Table for Living Room Office","B09WQXTP7Y","https://www.amazon.com/dp/B09WQXTP7Y?psc=1","https://m.media-amazon.com/images/I/91to+DtqkhL._AC_SY450_.jpg","dnbss",139.99,241,33737.59,85381,"CN",45.85,2,4.1,234,8,13,"DNBSS","Home & Kitchen","Small Oversize","FBA","18.2x6.5x27.3","36.56",2022-06-01
"45","YBING Nightstand with Charging Station End Table with USB Ports and Power Outlets Bedside Table with 2 Fabric Drawers and Storage Shelves Industrial Small Side Table for Living Room, Bedroom (Brown)","B0BFR1G7D9","https://www.amazon.com/dp/B0BFR1G7D9?psc=1","https://m.media-amazon.com/images/I/81cTs4qDonL._AC_SY450_.jpg","YBING",46.99,307,14425.93,128856,"CN",16.94,1,4,69,7,11,"YBING Direct","Home & Kitchen","Large Standard-Size","FBA","13.0x5.2x16.6","11.34",2022-10-16
"46","TILLMAO End Table with Charging Station,Narrow Side Table with Storage&2 USB Ports&2 Power Outlets,Flip Top Bedside Table/Night Stand/Sofa Side Table for Small Spaces,Living Room,Bedroom","B09XGRKCKH","https://www.amazon.com/dp/B09XGRKCKH?psc=1","https://m.media-amazon.com/images/I/71rsb5uUC4L._AC_SX466_.jpg","TILLMAO",49.99,203,10147.97,93507,"CN",18.82,1,4.7,144,7,3,"Weili-TECH","Home & Kitchen","Large Standard-Size","FBA","14.0x6.6x17.0","15.56",2022-07-31
"47","NUTMAK Side Table, Slim Nightstand Bedside Table with Solid Wood Legs, 2-Tier End Table with Storage Shelf for Living Room Bedroom Entryway, No-Tool Assembly.","B0BJ262QG9","https://www.amazon.com/dp/B0BJ262QG9?psc=1","https://m.media-amazon.com/images/I/71ukWj3XtZL._AC_SX425_.jpg","NUTMAK",28.99,166,4812.34,142417,"US",12.89,1,4.5,40,7,5,"DESIREVAE GLOBAL INC","Home & Kitchen","Large Standard-Size","FBA","13.6x3.3x17.0","7.47",2022-10-13
"48","VASAGLE Side Table with Charging Station, 3-Tier End Table with USB Ports and Outlets, Nightstand for Living Room, Bedroom, 11.8 x 13.4 x 22.8 Inches, Plug-In Series, Rustic Brown and Black ULET373B01","B09VXDMBW5","https://www.amazon.com/dp/B09VXDMBW5?psc=1","https://m.media-amazon.com/images/I/81r0-4Ne+6L._AC_SY355_.jpg","VASAGLE",45.99,1065,48979.35,40876,"US",17.43,11,4.6,880,9,68,"Songmics Direct","Home & Kitchen","Large Standard-Size","FBA","12.9x5.2x16.9","13.40",2022-03-18
"49","Rolanstar End Table with Charging Station, Round Side Table with Double Glass Shelves & Metal Frame, Small Coffee Accent Table, Modern Nightstand Bedside Table for Living Room, Bedroom, Gold","B0BBFYXRG4","https://www.amazon.com/dp/B0BBFYXRG4?psc=1","https://m.media-amazon.com/images/I/61ldZTkaNPL._AC_SX522_.jpg","Rolanstar",59.99,56,3359.44,113124,"CN",23.77,1,4.7,38,8,0,"RolanstarDirect","Home & Kitchen","Small Oversize","FBA","18.0x3.3x24.2","13.00",2022-12-01
"50","Able Life Able Tray Table, Adjustable Bamboo Swivel TV and Laptop Table with Ergonomic Stand Assist Safety Handle, Independent Living Aid","B0026IBSUA","https://www.amazon.com/dp/B0026IBSUA?psc=1","https://m.media-amazon.com/images/I/81cbd10J+bL._AC_SX466_.jpg","Able Life Comfortably Independent",159,825,131175,34239,"AMZ",42.82,7,4.5,2743,6,64,"Amazon","Health & Household","Small Oversize","FBA","18.5x3.0x28.0","29.86",2003-10-02
"51","Nightstands Set of 2, Industrial End Table with Fabric Drawer and Storage Shelf, Retro Bedside Tables Organizer, Side Table for Living Room Bedroom, Rustic Brown Wooden Look and Black Metal Frame","B0BCJ8MVD7","https://www.amazon.com/dp/B0BCJ8MVD7?psc=1","https://m.media-amazon.com/images/I/711RF4FkbgL._AC_SY355_.jpg","Furologee",59.99,941,56450.59,32267,"CN",21.45,1,4.3,141,9,29,"Engriy Store","Home & Kitchen","Large Standard-Size","FBA","13.3x5.4x17.6","19.27",2022-09-10
"52","Round Side Table with Charging Station - Nightstand with Outlets, USB Ports, Wireless Charger & Storage Drawer, Bedside Night Stand for Bedroom, End Table for Living Room with Solid Wood Legs (White)","B0BQMPR8BN","https://www.amazon.com/dp/B0BQMPR8BN?psc=1","https://m.media-amazon.com/images/I/71N7J6aRQfL._AC_SY450_.jpg","AltimaArs",117.9,NA,NA,1865035,"US",37.08,1,5,7,7,5,"AltimaArs","Home & Kitchen","Small Oversize","FBA","18.5x9.0x19.5","12.10",2022-12-20
"53","WLIVE Nightstand, Bedside Table with Adjustable Wooden Drawer, 2-Tier Night Stands for Couch, Bed, Sofa, End Table Side Table for Bedroom, Living Room, Black","B0BJ6M5XSG","https://www.amazon.com/dp/B0BJ6M5XSG?psc=1","https://m.media-amazon.com/images/I/71Fa+PhBg3L._AC_SX466_.jpg","WLIVE",39.99,717,28672.83,58841,"CN",17.64,1,4.6,63,8,15,"WLIVE","Home & Kitchen","Large Standard-Size","FBA","13.2x5.4x16.9","16.53",2022-10-14
"54","Furologee Nightstand with 2 Fabric Drawers, Bedside Table, End Table with Open Wood Shelf, Side Sofa Table with 2 Hooks for Bedroom/Living Room/Study/Halway/Rustic Brown","B0BG7GKHK9","https://www.amazon.com/dp/B0BG7GKHK9?psc=1","https://m.media-amazon.com/images/I/71skjvum-0L._AC_SY450_.jpg","Furologee",38.89,1168,45423.52,23490,"CN",15.72,1,4,184,9,70,"Engriy Store","Home & Kitchen","Large Standard-Size","FBA","13.0x4.0x17.0","11.44",2022-09-23
"55","VASAGLE Small Round Side End Table, Modern Nightstand with Fabric Basket, White + Beige","B0BBTN7F4Q","https://www.amazon.com/dp/B0BBTN7F4Q?psc=1","https://m.media-amazon.com/images/I/71PfQeVSYKL._AC_SX569_.jpg","VASAGLE",42.99,3564,153216.36,9428,"AMZ",20.8,9,4.6,116,9,31,"Amazon","Home & Kitchen","Small Oversize","AMZ","20.1x3.8x21.5","10.05",2022-08-25
"56","TUTOTAK End Table with Charging Station, Side Table with USB Ports and Outlets, Nightstand, 2-Tier Storage Shelf, Sofa Table for Small Space TB01BB040","B0B76YB53K","https://www.amazon.com/dp/B0B76YB53K?psc=1","https://m.media-amazon.com/images/I/71Vyn7cx-TL._AC_SX466_.jpg","TUTOTAK",35.99,890,32031.1,29177,"CN",14.33,1,4.4,306,7,52,"TUTOTAK","Home & Kitchen","Large Standard-Size","FBA","13.4x3.9x17.4","7.67",2022-09-01
"57","TUSY White Nightstand with Drawer, Bedside Table End Tables Living Room, File Cabinet Storage with Sliding Drawers and Shelf for Home Office","B0971F8T1P","https://www.amazon.com/dp/B0971F8T1P?psc=1","https://m.media-amazon.com/images/I/61W2GPTPbCS._AC_SX466_.jpg","TUSY",57.99,460,26675.4,55151,"CN",27.67,4,4.3,674,8,20,"Yourgreatstores","Home & Kitchen","Small Oversize","MFN","18.0x4.0x26.5","24.11",2021-06-10
"58","AMHANCIBLE Nightstands Set of 2, Small End Tables Living Room with Charging Station, Night Stands with USB Ports & Power Outlets, Slim Side Table with Drawers for Bedroom HET03SDPGY(Greige)","B0B1781M5L","https://www.amazon.com/dp/B0B1781M5L?psc=1","https://m.media-amazon.com/images/I/81ion2YT9gL._AC_SY355_.jpg","AMHANCIBLE",89.99,2644,237933.56,11793,"CN",25.63,1,4.2,540,8,101,"Amhancible","Home & Kitchen","Large Standard-Size","FBA","13.4x6.8x16.8","18.14",2022-05-13
"59","VECELO Night Stands for Bedroom Rustic Nightstand Bedside End Tables with Drawer Storage, (Set of 2), Classic Black","B09CPWPQ87","https://www.amazon.com/dp/B09CPWPQ87?psc=1","https://m.media-amazon.com/images/I/71pmwGC6dhL._AC_SX466_.jpg","VECELO",62.99,1971,124153.29,10989,"AMZ",33.04,12,4.2,1307,8,60,"Amazon","Home & Kitchen","Small Oversize","AMZ","13.7x8.5x25.2","33.36",NA
"60","ATAAY Side Table, Round Side Table Nordic Style Marble 2 Tier Coffee Table Corner Table Bedside Table 18.5''x24.4'' (Color : Black) (White)","B0C1TYR7QX","https://www.amazon.com/dp/B0C1TYR7QX?psc=1","https://m.media-amazon.com/images/I/51QhoranJxL._AC_SX466_.jpg","ATAAY",2040,NA,NA,NA,"CN",NA,1,NA,0,4,0,"Duanyansong","Home & Kitchen",NA,"MFN",NA,NA,2023-04-08
"61","Winsome Wood Nolan Occasional Table, Cappuccino 20.00 x 20.00 x 21.97 Inches","B0046EC0LS","https://www.amazon.com/dp/B0046EC0LS?psc=1","https://m.media-amazon.com/images/I/61VrFfZEXyL._AC_SY450_.jpg","Winsome",53.7,187,10041.9,83832,"AMZ",29.97,28,4.7,2001,8,4,"Amazon","Home & Kitchen","Small Oversize","AMZ","24.0x7.0x24.2","24.15",NA
"62","HOUIT End Table with Charging Station, Narrow Flip Top Side Table with USB Ports and Outlets, Nightstand with Storage for Small Spaces, Bedside Tables for Living Room, Bedroom","B0BG8GCSYK","https://www.amazon.com/dp/B0BG8GCSYK?psc=1","https://m.media-amazon.com/images/I/71LphdAZ2TL._AC_SX466_.jpg","HOUIT",39.99,325,12996.75,38560,"CN",17.64,1,4.7,152,7,12,"HOUIT","Home & Kitchen","Large Standard-Size","FBA","13.5x7.3x17.3","16.65",2022-09-23
"63","YAHARBO Nightstand with Charging Station and USB Ports, 3-Tier End Side Table with Storage Drawer and Shelf, Bedside Night Stand for Bedroom, Living Room- Black","B09ZCJFBL5","https://www.amazon.com/dp/B09ZCJFBL5?psc=1","https://m.media-amazon.com/images/I/61RwtxSfCIL._AC_SX569_.jpg","YAHARBO",75.99,377,28648.23,97121,"CN",NA,1,4.3,117,8,15,"MELLKIT","Home & Kitchen","Large Standard-Size","FBA","13.8x5.8x17.4","17.64",2022-05-02
"64","YBING Nightstand for Bedroom End Side Table with 2 Drawers and Open Shelf Wood Industrial Bedside Table with Fabric Storage for Bedroom Living Room Sturdy Dorm Brown","B0BS5LFWH1","https://www.amazon.com/dp/B0BS5LFWH1?psc=1","https://m.media-amazon.com/images/I/81K-IRT2fHL._AC_SX425_.jpg","YBING",39.99,370,14796.3,79476,"CN",16.12,1,4.1,37,7,13,"YBING Direct","Home & Kitchen","Large Standard-Size","FBA","12.8x5.5x16.6","12.43",2023-01-12
"65","SunnyPoint Bedside Shelf, Office Divider Shelf; Clamp on Shelf for Bunk Bed, Lofts & Bed Frame. (Standard - 13.78"" X 9.84"" X 2.21"", Natural Wood)","B085RLLB1N","https://www.amazon.com/dp/B085RLLB1N?psc=1","https://m.media-amazon.com/images/I/A1h5bmJDQTL._AC_SX466_.jpg","SunnyPoint",26.99,628,16949.72,45459,"US",11.33,1,4.6,834,7,27,"SunnyPoint","Home & Kitchen","Large Standard-Size","FBA","10.4x2.7x15.5","3.64",2020-03-10
"66","VASAGLE Side Table with Charging Station, Narrow End Table with 2 Drawers, Slim Nightstand and Bedside Table with Storage, for Small Spaces, Greige and Black ULET321B02","B0BRXZRG5J","https://www.amazon.com/dp/B0BRXZRG5J?psc=1","https://m.media-amazon.com/images/I/81kJOj6XdAL._AC_SX679_.jpg","VASAGLE",99.99,NA,NA,55676,"US",39.43,1,4.6,3,8,0,"Songmics Direct","Home & Kitchen","Small Oversize","FBA","16.7x5.5x28.0","35.11",2023-05-18
"67","OYEAL Black Nightstand with Charging Station, 2-Tier Side End Table with Drawer and Storage Shelf, Small Bedside Night Stand for Bedroom, Living Room, Easy Assembly, Black","B0B8234MQ3","https://www.amazon.com/dp/B0B8234MQ3?psc=1","https://m.media-amazon.com/images/I/81PXcXgUqCL._AC_SX679_.jpg","OYEAL",49.99,429,21445.71,67457,"US",19.79,1,4,148,8,24,"OYEAL Direct","Home & Kitchen","Large Standard-Size","FBA","12.8x6.0x16.9","18.60",2022-07-29
"68","LUCKNOCK Side Table, 2-Tier Solid Wood End Table with Storage Shelf, Slim Nightstand Bedside Table for Small Spaces, Bedroom, Living Room, Entryway, Farmhouse, No-Tool Assembly.","B0BKFX8DGB","https://www.amazon.com/dp/B0BKFX8DGB?psc=1","https://m.media-amazon.com/images/I/81clvjVbfiL._AC_SX522_.jpg","LUCKNOCK",29.99,444,13315.56,69357,"CN",NA,1,4.8,74,7,14,"LUCKNOCK","Home & Kitchen","Large Standard-Size","FBA","13.7x3.3x17.0","8.02",2022-10-25
"69","exilot Solid Wood Side Table, 3-Tier End Table with Storage Shelves, Tall Nightstand Bedside Table for Living Room Bedroom Office No-Tool Assembly.","B09CG65HWY","https://www.amazon.com/dp/B09CG65HWY?psc=1","https://m.media-amazon.com/images/I/71XgDOE+0RL._AC_SX569_.jpg","exilot",33.99,238,8089.62,108310,"CN",15.18,1,4.7,177,7,5,"BULLKIN","Home & Kitchen","Large Standard-Size","FBA","13.2x4.6x16.9","11.97",2021-08-12
"70","SONGMICS Nightstand, Industrial Bedside Table with 2 Fabric Drawers, Storage Shelves, Vertical Dresser Storage Tower with Wooden Top, Metal Frame, Labels, Rustic Brown and Black ULVT03H","B07Y1LJS7Z","https://www.amazon.com/dp/B07Y1LJS7Z?psc=1","https://m.media-amazon.com/images/I/71Ff4vDcWHS._AC_SX466_.jpg","SONGMICS",25.37,193,4896.41,52028,"AMZ",21.67,3,4.6,3564,8,13,"Amazon","Home & Kitchen","Small Oversize","AMZ","14.3x4.9x35.8","16.20",2019-12-14
"71","Hoctieon 3 Tier End Table, Telephone Table, Tall Side Table with Storage, Small Nightstand for Small Spaces, Metal Frame, for Living Room, Bedroom, Sofa Couch, Hall, Easy Assembly, Greige","B0BGHCRL7H","https://www.amazon.com/dp/B0BGHCRL7H?psc=1","https://m.media-amazon.com/images/I/81r8K3rdLDL._AC_SY450_.jpg","Hoctieon",34.99,1121,39223.79,25273,"CN",13.7,1,4.6,386,8,44,"Hoctieon","Home & Kitchen","Large Standard-Size","FBA","12.6x2.7x17.1","6.64",2022-09-26
"72","Seventable Nightstand with Wireless Charging Station and LED Lights, Modern End Side Table with 3 Drawers and Open Compartment for Bedroom, Black","B09DL9JKYD","https://www.amazon.com/dp/B09DL9JKYD?psc=1","https://m.media-amazon.com/images/I/71ClsBkMqML._AC_SY355_.jpg","Seventable",129.99,888,115431.12,48528,"CN",43.62,3,4.4,1269,7,64,"Seven Warrior Direct","Home & Kitchen","Small Oversize","FBA","16.5x8.0x26.6","34.41",2021-09-17
"73","Nicehill Nightstand, Nightstand for Bedroom with Drawers, Small Dresser with Drawers, Bedside Table Bedside Furniture, Night Stand End Table with Storage Drawers for Bedroom, Black Wood Grain","B0BJ6K5HJ5","https://www.amazon.com/dp/B0BJ6K5HJ5?psc=1","https://m.media-amazon.com/images/I/71fTh+1AiaL._AC_SX679_.jpg","Nicehill",39.99,1447,57865.53,21069,"CN",15.89,1,4.6,214,7,32,"Nicehill Direct","Home & Kitchen","Large Standard-Size","FBA","12.6x5.4x17.2","11.09",2022-10-14
"74","Home Zone Living Overbed C Table, Adjustable Height with Wheels, Brown","B099Z7596K","https://www.amazon.com/dp/B099Z7596K?psc=1","https://m.media-amazon.com/images/I/510h9CTZduL._AC_SY450_.jpg","Home Zone Living",47.99,NA,NA,NA,"AMZ",21.55,7,4,107,6,5,"Amazon","Home & Kitchen","Small Oversize","AMZ","16.6x3.2x26.6","11.45",NA
"75","WLIVE Side Table, Small End Table, Adjustable 3-Tier Bedside Table with Sturdy Metal Frame, Tall Nightstand for Bedroom, Living Room, Sofa Table for Small Space, Black","B0B8YQKZTZ","https://www.amazon.com/dp/B0B8YQKZTZ?psc=1","https://m.media-amazon.com/images/I/71MimR-GPoL._AC_SX522_.jpg","WLIVE",25.99,849,22065.51,43024,"CN",14.46,1,4.5,112,9,16,"WLIVE","Home & Kitchen","Large Standard-Size","FBA","13.2x3.3x17.8","10.36",2022-08-05
"76","MaxSmeo Nightstand, Mid Century Modern Side Table Bedroom with Storage, Small End Bedside Table with Solid Wood Legs for Living Room, Office Small Spaces (Natural)","B0BPXYLRTC","https://www.amazon.com/dp/B0BPXYLRTC?psc=1","https://m.media-amazon.com/images/I/61YgFrJ4OYL._AC_SX679_.jpg","MaxSmeo",39.99,NA,NA,83768,"CN",15.57,1,4.5,79,7,56,"Sme Direct","Home & Kitchen","Large Standard-Size","FBA","13.1x4.1x16.0","10.17",2022-12-13
"77","Winsome Wood Claire Accent Table, Black","B000NPSGPS","https://www.amazon.com/dp/B000NPSGPS?psc=1","https://m.media-amazon.com/images/I/71fJ0TjspXL._AC_SY355_.jpg","Winsome",35.16,1542,54216.72,19423,"AMZ",23.4,25,4.4,19526,11,83,"Amazon","Home & Kitchen","Small Oversize","FBA","19.4x4.7x23.1","20.05",2000-11-01
"78","Filano Floating Nightstand Geometric Wall Shelves for Bedroom Rustic Wood Bedside Shelf Wall Mounted Nightstand Small Nightstand Floating Bedside Table Weathered Walnut","B0BQ6VX47C","https://www.amazon.com/dp/B0BQ6VX47C?psc=1","https://m.media-amazon.com/images/I/71GD6GH0WXL._AC_SX425_.jpg","Filano",23.99,286,6861.14,74036,"CN",9.69,1,4.3,100,9,62,"Filano Direct","Home & Kitchen","Large Standard-Size","FBA","8.2x1.9x14.5","2.31",NA
"79","exilot Solid Wood Nightstand Mid-Century Modern Bedside Table Minimalist and Practical End Side Table, Natural Wood Color.","B07V3HGVXW","https://www.amazon.com/dp/B07V3HGVXW?psc=1","https://m.media-amazon.com/images/I/61hY8Erk+WL._AC_SX522_.jpg","exilot",37.99,299,11359.01,95934,"CN",15.75,1,4.1,831,6,7,"BULLKIN","Home & Kitchen","Large Standard-Size","FBA","13.2x4.7x16.8","11.84",2019-07-10
"80","Nightstand Black with Charging Station, End Table Bedside Table with USB Ports, 3 Tier Side Table with Storage Shelf Modern Night Stand Tables with Charging Square End Table for Bedroom Living Room","B0BFJFG66N","https://www.amazon.com/dp/B0BFJFG66N?psc=1","https://m.media-amazon.com/images/I/61x-dpL0PZL._AC_SY450_.jpg","NORCEESAN",43.99,637,28021.63,37696,"CN",16.8,1,4.5,171,7,42,"NORCEESAN DIRECT","Home & Kitchen","Large Standard-Size","FBA","13.5x6.1x17.4","12.26",2022-09-16
"81","Tiptiper Nightstand with Charging Station, Night Stand with 3 Storage Drawers, Bedside Table with Hutch, Modern End Side Table for Bedroom,White, 14D x 17.7W x 26.8H in","B0B5R35NK6","https://www.amazon.com/dp/B0B5R35NK6?psc=1","https://m.media-amazon.com/images/I/71bW5i-fuwL._AC_SX425_.jpg","Tiptiper",81.99,1121,91910.79,36597,"CN",NA,1,4.1,242,7,19,"Stickto mystyle","Home & Kitchen",NA,"MFN",NA,NA,2022-07-04
"82","LDTTCUK Side Table with Charging Station & USB Ports,3-Tier End Table for Living Room,Study,Bedroom,Narrow Sofa Table Bedside Table with Storage Shelf,Small Nightstand,Rustic Brown","B0B6HW1H2G","https://www.amazon.com/dp/B0B6HW1H2G?psc=1","https://m.media-amazon.com/images/I/71fdTJOUuyL._AC_SY355_.jpg","LDTTCUK",49.99,653,32643.47,44776,"CN",17.71,1,4.6,276,8,25,"yiboshangmao123","Home & Kitchen","Large Standard-Size","FBA","13.2x5.3x17.5","12.24",2022-07-14
"83","LUMTOK White Nightstand with Drawer, 2 Drawers Dresser for Bedroom, Small Night Stand and Dressers Sets with 2 Fabric Drawers, End Table with Drawer for Living Room (1PCS)","B0BPCKRVJC","https://www.amazon.com/dp/B0BPCKRVJC?psc=1","https://m.media-amazon.com/images/I/61riHKYPa0L._AC_SY450_.jpg","LUMTOK",49.99,103,5148.97,250879,"CN",16.75,1,3.5,28,9,3,"LUMTOK","Home & Kitchen","Large Standard-Size","FBA","13.1x4.5x17.0","9.37",2023-02-05
"84","Amazon Basics Round Storage End Table, Side Table with Cloth Basket - White/Heather Gray, 19 x 18 x 18 Inches","B07TWXS5Y6","https://www.amazon.com/dp/B07TWXS5Y6?psc=1","https://m.media-amazon.com/images/I/71bLf-pRNRL._AC_SY355_.jpg","Amazon Basics",30.6,NA,NA,1681,"AMZ",17.26,8,4.5,8520,6,0,"Amazon","Our Brands","Small Oversize","FBA","19.5x2.6x20.5","6.73",NA
"85","Crocofair End Table,Side Table Bedside Table with Storage Shelf,Modern Nightstands Table,for Living Room Bedroom (Rustic Brown)","B0B5T9D83R","https://www.amazon.com/dp/B0B5T9D83R?psc=1","https://m.media-amazon.com/images/I/8136+mcyJyL._AC_SX679_.jpg","Crocofair",39.99,NA,NA,391146,"CN",29.17,1,3.9,9,7,0,"Crocofair","Home & Kitchen","Small Oversize","FBA","16.0x5.5x33.0","32.06",2022-07-05
"86","MMEOLUOOK Nightstand with Charging Station, Bedside Tables, End Table Side Table with 2 Tiers Storage Space, for Bedroom, Living Room, BlackMLBZ07BE","B0BY2MRQBG","https://www.amazon.com/dp/B0BY2MRQBG?psc=1","https://m.media-amazon.com/images/I/71zJLrMljfL._AC_SX569_.jpg","MMEOLUOOK",65.99,NA,NA,67716,NA,21.71,1,NA,0,7,0,"MENGLUO","Home & Kitchen","Large Standard-Size","FBA","13.6x7.1x17.5","17.39",2023-05-20
"87","Furinno Turn-N-Tube End Table, 2-Pack, Espresso","B075JKK2M5","https://www.amazon.com/dp/B075JKK2M5?psc=1","https://m.media-amazon.com/images/I/61MQCNRXKjL._AC_SY355_.jpg","Furinno",22.29,673,15001.17,39195,"AMZ",19.79,8,4.3,7082,7,61,"Amazon","Home & Kitchen","Small Oversize","AMZ","14.3x4.6x32.8","16.70",2017-09-11
"88","AMHANCIBLE LED Nightstand with Fast Charging Station, End Tables Living Room with USB C Charger 3-Port & 2-Power Outlet, Bedside Table with Fabric Drawers for Bedroom HET052LBK1","B0B92PBX4V","https://www.amazon.com/dp/B0B92PBX4V?psc=1","https://m.media-amazon.com/images/I/61sst74bS7L._AC_SX425_.jpg","AMHANCIBLE",84.99,1033,87794.67,24487,"CN",29.2,1,4.3,197,8,39,"Amhancible","Home & Kitchen","Small Oversize","FBA","15.9x5.3x25.6","16.85",2022-09-27
"89","IKENO Nightstand with LED Lights and Charging Station, 3 Drawers End Table Bedside Table for Bedroom (White)","B0C2Q54FX6","https://www.amazon.com/dp/B0C2Q54FX6?psc=1","https://m.media-amazon.com/images/I/717Xt-I7DEL._AC_SY450_.jpg","IKENO",99.99,170,16998.3,87713,"US",NA,1,5,1,9,0,"Ikeno Design","Home & Kitchen",NA,"MFN",NA,NA,2023-04-17
"90","AOJEZOR End Table,Round End Table Ideal for Any Room-Side Tables Living Room,Side Tables Bedroom,Metal Structure Side Table Great for Indoor & Outdoor,Matte Gray Tray with 3 Gold Legs Accent Table","B07GYVWTF5","https://www.amazon.com/dp/B07GYVWTF5?psc=1","https://m.media-amazon.com/images/I/710rZNtsVvL._AC_SX569_.jpg","AOJEZOR",45.88,3731,171178.28,4644,"CN",19.71,1,4.6,3277,9,55,"Aojezor","Home & Kitchen","Small Oversize","FBA","19.0x2.0x23.0","6.80",2018-08-31
"91","Premium Home Rustic Side Table: Farmhouse End Table, Bedside Table, Wood Nightstand, Tall End Table, High Side Tables for Small Spaces, Living Room Metal Nightstand Modern Bedroom Industrial Furniture","B08RMFLY73","https://www.amazon.com/dp/B08RMFLY73?psc=1","https://m.media-amazon.com/images/I/71gNF8Yv8JL._AC_SY550_.jpg","Premium Home Decor",63.95,69,4412.55,281774,"US",20.28,2,4,243,6,1,"Premium Home Discounts","Home & Kitchen","Large Standard-Size","FBA","13.8x8.0x17.4","13.05",2021-03-13
"92","ANBUY White Nightstand Set of 2, End Side Table Double, Modern Bedside Table with 2 Drawers, Dual Night Stand Metal Legs for Bedroom Living Room","B0BDVJ87YZ","https://www.amazon.com/dp/B0BDVJ87YZ?psc=1","https://m.media-amazon.com/images/I/61eStj05mRL._AC_SX679_.jpg","Anbuy",124.88,2472,308703.36,14232,"CN",NA,1,3.9,727,9,29,"Anbuy","Home & Kitchen",NA,"MFN",NA,NA,2022-09-10
"93","Lerliuo Rattan Nightstand, Side Table with Drawer Open Shelf, Cane Accent Bedside End Table with Solid Wood Legs, Mid Century Modern Night Stand for Bedroom, Dorm and Small Spaces (Brown)","B0BRQ9XVSQ","https://www.amazon.com/dp/B0BRQ9XVSQ?psc=1","https://m.media-amazon.com/images/I/715akEgGGjL._AC_SY450_.jpg","Lerliuo",64.99,530,34444.7,56242,"CN",20.76,1,4.3,41,8,14,"Lerliuo Direct","Home & Kitchen","Large Standard-Size","FBA","13.7x5.5x17.8","14.86",2023-01-05
"94","GREENSTELL End Table with Charging Station, Round Side Table with Storage Shelf, USB Ports and Anti-Drop Fence, 2-Tier Small Nightstand Sofa Table for Living Room, Bedroom White 15.0*15.0*20.4inches","B09NY82QYK","https://www.amazon.com/dp/B09NY82QYK?psc=1","https://m.media-amazon.com/images/I/61TAM0qpa4L._AC_SX466_.jpg","GREENSTELL",49.99,598,29894.02,58133,"CN",21.43,2,4.6,914,6,49,"Greenstell Direct","Home & Kitchen","Small Oversize","FBA","16.5x5.5x16.8","8.30",2022-03-04
"95","MOOACE Nightstand Black with Charging Station, Side End Table with USB Ports and Outlets, 3 Tier Side Table with Storage Shelf Modern Bedside Table for Bedroom Living Room","B0BWXF6BQJ","https://www.amazon.com/dp/B0BWXF6BQJ?psc=1","https://m.media-amazon.com/images/I/71FYRqlHqZL._AC_SX679_.jpg","MOOACE",39.99,NA,NA,71527,"CN",15.57,1,4.2,15,7,9,"MOOACE Direct","Home & Kitchen","Large Standard-Size","FBA","13.3x4.7x16.6","10.38",2023-02-27
